station,tipo,utilizacion,utilizacion_ic,disponibilidad,disponibilidad_ic,MTBF_h,MTBF_h_ic,MTTR_h,MTTR_h_ic,yield,yield_ic,n_fail_anual,f_BUSY,f_SETUP,f_IDLE,f_BLOCKED,f_DOWN,f_OFF_SHIFT
aserradero,turno,0.8412925072958977,0.014093431911500696,0.9351614368618206,0.016836689956144447,67.24861775619499,9.910640180923375,4.5835196042159705,0.8194589516306091,0.49990634231856845,0.0002688464609819346,69.6,0.5398075685618859,0.06419227188082831,0.0002009906098850855,0.0,0.03747432966979706,0.3583248392776035
bano,turno,0.055521849619460426,0.00363936784759038,0.9944308358955652,0.005934600978433404,277.97804042170344,16.805585987743733,1.9311208523114731,1.8547037908024535,0.9881629516490822,0.0005487754452485072,0.8,0.0317707659147039,0.0,0.5402667453753988,0.0,0.0001798064108297216,0.4277826822990676
secado,24/7,0.3786265760662198,0.010723959121506456,0.9765793353024786,0.015102118553949445,359.9180963212303,111.41117114221,7.88202135433573,3.341851942976517,0.9702972819841928,0.00032814600180327424,9.6,0.3786265760662198,0.04274818601711139,0.5694286750072207,0.0,0.009196562909448164,0.0
drymill,turno,0.25362988407787884,0.006952223371332382,0.9900122490228422,0.00465351033636703,365.28748980585954,92.03459586715785,3.62394550927565,1.6652370915610915,0.9499777372566254,0.0004478297853958317,3.6,0.14697487303393747,0.033013268156419494,0.39799800495763193,0.0,0.001493638016325132,0.420520215835686
impregnado,24/7,0.06396741878564047,0.0053994621973065485,0.9888408723410838,0.012902171126636343,449.20513447092867,289.93246396446585,5.151516327653094,4.462180795894511,0.9877503785778583,0.0003255283614166722,1.2,0.06396741878564047,0.0,0.9353306822215476,0.0,0.0007018989928119685,0.0
