station,tipo,utilizacion,utilizacion_ic,disponibilidad,disponibilidad_ic,disponibilidad_fp,disponibilidad_fp_ic,OEE,OEE_ic,MTBF_h,MTBF_h_ic,MTTR_h,MTTR_h_ic,yield,yield_ic,fallas,f_BUSY,f_SETUP,f_IDLE,f_BLOCKED,f_DOWN,f_OFF_SHIFT
aserradero,turno,0.8412435640230003,0.014052300142607282,0.9348311182199891,0.016857671161328032,0.9413423712681881,0.015258046167298324,0.4205925025929654,0.006768080920263933,66.99476918568953,9.728953973433999,4.593463028120423,0.8315967602334217,0.4999087105341582,0.0002722213241389179,69.4,0.5393777842879791,0.06410229400749964,7.128825902916534e-05,0.0,0.03764958182803513,0.35879905161745695
bano,turno,0.05552449504360964,0.0037369259435189196,0.9943992369716973,0.005966980282822231,0.9996837494612107,0.00033762119475372543,0.9878743433185344,0.000611368193276227,276.2648887774004,17.393938234860414,1.9311208523114731,1.8547037908024535,0.988186870916968,0.0005586742733555484,0.8,0.03174267819544222,0.0,0.5397602664332657,0.0,0.0001808165592051695,0.42831623881208686
secado,24/7,0.37880162952910684,0.011046147670539535,0.9767247683080988,0.015624586432681272,0.990848859837814,0.0064516207676180316,0.8639582484456542,0.008023453414081892,369.4164791094324,122.5360210502024,7.872021306053112,3.3654302644112173,0.9703343695007239,0.0003148061913911755,9.4,0.37880162952910684,0.04276620017076558,0.5692810301379415,0.0,0.009151140162185989,0.0
drymill,turno,0.2536030099116142,0.007038636578010425,0.9899475768042272,0.004679043746449361,0.9974062057471282,0.0012817280184492866,0.7738615558122142,0.004852401840216809,362.8782732543817,91.52323353353555,3.62394550927565,1.6652370915610915,0.9499860813682636,0.0004556890408000661,3.6,0.1468223158091444,0.03295599250935817,0.39765847514396446,0.0,0.0015020292411359476,0.4210611872963971
impregnado,24/7,0.06389429384321742,0.005133949229314524,0.9887876560918709,0.012963453108963779,0.9992941577544194,0.0008290299631834252,0.987064997427505,0.0011152803696820842,446.22312984551326,287.13145169554366,5.151516327653094,4.462180795894511,0.9877620796948288,0.00033109399540270245,1.2,0.06389429384321742,0.0,0.9353998639112021,0.0,0.0007058422455805751,0.0
